id,track_name,artist(s)_name,artist_count,released_year,released_month,released_day,in_spotify_playlists,in_spotify_charts,streams(hundreds of thousands),in_apple_playlists,in_apple_charts,in_deezer_playlists,in_deezer_charts,in_shazam_charts,bpm,key,mode,danceability_%,valence_%,energy_%,acousticness_%,instrumentalness_%,liveness_%,speechiness_%
14,As It Was,Harry Styles,1,2022,3,31,23575.0,130,25131.88493,403,198,863,46,,174,F#,Minor,52,66,73,34,0,31,6
15,Kill Bill,SZA,1,2022,12,8,8109.0,77,11630.93654,183,162,161,12,187.0,89,G#,Major,64,43,73,5,17,16,4
26,Calm Down (with Selena Gomez),"R��ma, Selena G",2,2022,3,25,7112.0,77,8991.83384,202,119,318,38,96.0,107,B,Major,80,82,80,43,0,14,4
32,Creepin',"The Weeknd, 21 Savage, Metro Boomin",3,2022,12,2,6036.0,88,8439.5751,113,149,245,23,27.0,98,C#,Minor,71,17,61,36,0,8,5
33,Anti-Hero,Taylor Swift,1,2022,10,21,9082.0,56,9997.48277,242,142,165,9,310.0,97,E,Major,64,51,63,12,0,19,5
42,I'm Good (Blue),"Bebe Rexha, David Guetta",2,2022,8,26,12482.0,80,11094.33169,291,184,537,45,727.0,128,G,Minor,56,38,97,4,0,35,4
46,I Ain't Worried,OneRepublic,1,2022,5,13,8431.0,76,10856.8542,241,127,458,37,332.0,140,,Major,71,82,81,11,0,6,5
57,La Bachata,Manuel Turizo,1,2022,5,26,6804.0,45,12140.83358,139,111,161,15,210.0,125,G,Minor,84,85,68,58,0,22,4
62,Left and Right (Feat. Jung Kook of BTS),"Charlie Puth, BTS, Jung Kook",3,2022,6,24,3107.0,39,7204.3424,38,0,4,0,0.0,101,D,Major,88,72,59,62,0,9,3
64,Hey Mor,"Ozuna, Feid",2,2022,10,6,4637.0,38,6740.7271,63,79,89,11,16.0,98,C#,Minor,90,40,59,0,0,10,29
66,Karma,Taylor Swift,1,2022,10,21,3818.0,23,4045.62836,37,55,32,0,272.0,90,G#,Major,64,10,62,7,0,48,7
67,People,Libianca,1,2022,12,2,3506.0,56,3731.99958,105,64,169,8,529.0,198,A#,Minor,59,71,42,55,0,10,7
72,golden hour,JVKE,1,2022,7,15,4511.0,36,7511.34527,70,58,109,18,230.0,94,C#,Minor,51,14,59,65,18,25,3
74,"Quevedo: Bzrp Music Sessions, Vol. 52","Bizarrap, Quevedo",2,2022,7,6,8506.0,45,13565.65093,94,65,164,14,176.0,128,D,Major,62,55,78,1,3,23,4
76,Here With Me,d4vd,1,2022,7,17,3246.0,23,6354.12045,94,85,68,1,84.0,132,E,Major,58,27,48,50,0,12,3
77,Unholy (feat. Kim Petras),"Sam Smith, Kim Petras",2,2022,9,22,8576.0,42,12306.7589,216,108,331,26,154.0,131,D,Major,71,24,47,1,0,27,9
78,Yandel 150,"Yandel, Feid",2,2022,12,20,3618.0,38,5856.95368,47,74,80,14,194.0,168,F#,Minor,78,58,73,5,0,10,7
81,Until I Found You (with Em Beihold) - Em Beihold Version,"Em Beihold, Stephen Sanchez",2,2022,4,22,2790.0,30,6009.76848,60,96,71,0,115.0,101,A#,Major,34,32,57,78,0,20,3
84,STAY (with Justin Bieber),"Justin Bieber, The Kid Laroi",2,2021,7,9,17050.0,36,26653.43922,492,99,798,31,0.0,170,C#,Major,59,48,76,4,0,10,5
87,Me Porto Bonito,"Chencho Corleone, Bad Bunny",2,2022,5,6,8870.0,43,14407.57818,104,120,141,26,49.0,92,C#,Minor,91,43,71,9,0,9,8
97,Snooze,SZA,1,2022,12,9,2839.0,25,3996.86758,58,156,42,1,236.0,143,F,Major,56,39,55,14,0,11,13
101,Too Many Nights (feat. Don Toliver & with Future),"Future, Metro Boomin, Don Toliver",3,2022,12,2,2110.0,58,2864.00165,17,119,19,2,266.0,88,G,Minor,68,17,71,15,0,11,5
105,Primera Cita,Carin Leon,1,2022,4,20,266.0,27,773.09611,6,40,6,6,202.0,158,A#,Major,54,50,40,61,0,10,6
108,Bones,Imagine Dragons,1,2021,3,11,4198.0,44,8380.799,98,108,327,17,153.0,114,F,Minor,77,65,72,2,0,7,5
111,Tak Segampang Itu,Anggi Marito,1,2022,12,2,213.0,6,1796.59294,7,6,0,0,48.0,130,F,Major,51,18,44,76,0,11,3
122,Nonsense,Sabrina Carpenter,1,2022,7,15,2346.0,27,3428.97938,69,12,38,8,64.0,139,G#,Major,74,68,68,3,0,26,4
123,Que Vuelvas,"Carin Leon, Grupo Frontera",2,2022,12,9,763.0,26,0.02762,21,110,21,9,71.0,162,A#,Major,49,78,64,19,0,11,4
124,Por las Noches,Peso Pluma,1,2021,6,11,457.0,24,3303.46424,8,116,4,3,2.0,92,,Major,81,39,60,31,0,7,3
125,Feliz Cumplea��os Fe,Feid,1,2022,8,19,3430.0,38,6018.63821,45,69,52,4,3.0,95,F,Major,87,57,55,10,0,29,7
136,Trance (with Travis Scott & Young Thug),"Travis Scott, Young Thug, Metro Boomin",3,2022,12,2,1682.0,46,2762.59178,24,90,30,1,176.0,119,C#,Minor,75,48,53,18,0,18,34
139,Romantic Homicide,d4vd,1,2022,7,20,2335.0,23,6815.83126,82,55,50,0,9.0,132,F#,Major,56,20,55,45,1,32,3
146,Ojitos Lindos,"Bomba Est��reo, Bad B",2,2022,5,6,6135.0,38,11338.65788,71,113,99,13,28.0,80,D#,Minor,65,27,69,8,0,53,4
156,Jimmy Cooks (feat. 21 Savage),"Drake, 21 Savage",2,2022,6,17,5871.0,27,6188.85532,81,121,58,1,34.0,163,,Major,54,40,67,0,0,9,17
158,Ghost,Justin Bieber,1,2021,3,19,5866.0,24,11673.30737,107,38,95,0,,154,D,Major,61,41,74,21,0,40,6
178,SNAP,Rosa Linn,1,2022,3,19,3202.0,18,7263.07468,148,80,226,24,0.0,170,,Major,56,53,64,11,0,45,6
190,Bebe Dame,"Fuerza Regida, Grupo Frontera",2,2022,12,16,849.0,22,3673.16268,27,129,21,7,111.0,157,G,Major,54,75,60,30,0,7,5
191,You Belong With Me (Taylor���s Ve,Taylor Swift,1,2021,4,9,2619.0,12,3503.81515,47,90,1,0,7.0,130,F#,Major,63,49,73,5,0,9,3
192,Titi Me Pregunt�,Bad Bunny,1,2022,5,6,9037.0,42,12643.10836,124,133,139,14,166.0,107,F,Minor,65,19,72,10,0,13,25
198,Ditto,NewJeans,1,2022,12,19,1154.0,22,3975.82059,28,125,11,1,51.0,134,F#,Minor,81,18,64,3,0,10,11
203,AMG,"Natanael Cano, Gabito Ballesteros, Peso Pluma",3,2022,11,24,995.0,19,4635.64958,12,117,9,5,3.0,136,B,Minor,77,79,73,15,0,27,10
211,Obsessed,"Abhijay Sharma, Riar Saab",2,2022,9,29,161.0,6,710.07139,10,79,2,0,42.0,135,F,Minor,80,85,74,62,0,8,9
216,Escapism.,"RAYE, 070 Shake",2,2022,10,12,5129.0,25,5323.36353,116,84,114,18,348.0,96,D,Major,54,25,74,14,0,9,11
217,La Jumpa,"Arcangel, Bad Bunny",2,2022,11,30,3794.0,34,5381.15192,47,77,53,10,8.0,123,G#,Major,71,58,70,30,0,32,19
219,Superhero (Heroes & Villains) [with Future & Chris Brown],"Future, Chris Brown, Metro Boomin",3,2022,12,2,2959.0,16,4010.36314,41,69,38,0,36.0,117,F,Minor,72,45,59,14,0,20,21
221,CHORRITO PA LAS ANIMAS,Feid,1,2022,12,2,2321.0,36,3450.3171,29,65,34,5,3.0,96,G#,Minor,74,61,83,11,0,35,6
222,Ch y la Pizza,"Fuerza Regida, Natanael Cano",2,2022,12,1,536.0,10,2881.01651,10,72,8,3,14.0,149,G#,Major,66,85,60,40,0,14,13
224,Players,Coi Leray,1,2022,11,30,4096.0,6,3350.74782,118,48,143,0,240.0,105,F#,Major,95,62,52,3,0,5,16
227,Normal,Feid,1,2022,7,8,2461.0,36,4592.76435,47,66,45,5,6.0,170,E,Minor,71,59,56,4,0,27,12
230,Bad Habit,Steve Lacy,1,2022,6,29,8186.0,12,8226.33917,155,72,131,16,29.0,169,C#,Major,69,69,51,63,0,38,4
231,CUFF IT,Beyonc�,1,2022,7,29,7842.0,10,5959.00742,215,88,330,26,23.0,115,G,Major,78,64,69,4,0,7,14
237,Lavender Haze,Taylor Swift,1,2022,10,21,3763.0,8,4883.86797,51,43,38,10,1.0,97,A#,Major,73,10,44,26,0,16,8
239,Efecto,Bad Bunny,1,2022,5,6,4003.9999999999995,33,10474.80053,34,65,43,6,2.0,98,G,Minor,80,23,48,14,0,6,5
242,Just Wanna Rock,Lil Uzi Vert,1,2022,10,17,3995.0,13,4571.84829,72,27,47,0,0.0,150,B,Major,49,4,55,7,0,6,3
244,Until I Found You,Stephen Sanchez,1,2021,9,1,4427.0,4,7264.34358,69,100,154,20,438.0,202,A#,Major,34,25,51,69,0,18,4
245,Rich Flex,"Drake, 21 Savage",2,2022,11,4,4657.0,18,5736.3302,84,84,42,0,23.0,153,B,Minor,56,42,52,5,0,36,24
246,Easy On Me,Adele,1,2021,10,14,10195.0,20,14061.11294,258,87,657,22,9.0,142,F,Major,60,13,37,58,0,13,3
251,MERCHO,"Migrantes, LiL CaKe, Nico Valdi",3,2022,12,16,1267.0,20,2313.32117,41,22,56,4,84.0,93,F#,Minor,84,96,79,43,0,18,11
252,The Color Violet,Tory Lanez,1,2021,12,10,2585.0,32,4159.32686,3,79,21,1,54.0,105,F#,Minor,65,46,53,16,0,9,5
253,Glimpse of Us,Joji,1,2022,6,10,6330.0,6,9885.15741,109,42,158,3,31.0,170,G#,Major,44,27,32,89,0,14,5
262,ceilings,Lizzy McAlpine,1,2022,4,8,3242.0,9,2931.86992,67,55,48,0,6.0,148,A,Major,51,27,33,48,0,22,3
268,Slut Me Out,NLE Choppa,1,2022,4,22,816.0,4,1904.90915,21,4,13,0,4.0,121,F#,Minor,94,71,61,12,0,53,42
271,PROVENZA,Karol G,1,2022,4,21,6587.0,34,8850.93467,114,104,147,11,20.0,111,C#,Major,87,53,52,66,1,11,5
274,Shivers,Ed Sheeran,1,2021,9,9,10147.0,30,13021.84087,234,71,543,18,,141,D,Major,79,82,86,28,0,4,9
275,Igualito a Mi Ap�,"Fuerza Regida, Peso Pluma",2,2022,12,30,265.0,6,1589.50978,8,84,5,1,4.0,145,E,Minor,76,80,81,19,0,6,9
277,Komang,Raim Laode,1,2022,8,16,158.0,4,1371.2388,5,6,1,1,18.0,134,G,Major,70,35,41,41,0,10,3
278,DESPECH�,ROSAL�,1,2022,7,28,7613.0,33,7823.69383,180,90,422,15,55.0,130,G,Major,92,78,62,18,0,6,10
279,Made You Look,Meghan Trainor,1,2022,10,21,3956.0,6,5025.74952,142,23,127,3,16.0,145,A#,Major,84,88,53,35,0,8,7
281,No Se Va,Grupo Frontera,1,2022,4,28,924.0,18,4048.87295,17,80,22,9,38.0,173,,Major,59,69,53,12,0,23,3
282,Punto G,Quevedo,1,2022,11,4,1985.0,35,3811.61027,34,26,37,5,1.0,92,B,Minor,75,55,76,25,0,10,15
284,METAMORPHOSIS,INTERWORLD,1,2021,11,25,1561.0,24,3575.80552,18,78,24,0,30.0,175,G,Minor,59,15,64,43,90,12,10
286,En Paris,"El Chachito, Junior H",2,2022,12,24,406.0,5,1982.75403,3,31,2,1,0.0,139,D#,Minor,70,77,48,37,0,12,5
290,Shut Down,BLACKPINK,1,2022,9,16,1524.0,17,4821.7524,53,120,62,0,2.0,110,,Major,82,67,69,0,0,18,4
291,Gato de Noche,"Nengo Flow, Bad Bunny",2,2022,12,22,2651.0,30,3041.186,21,55,32,3,0.0,94,G#,Major,89,61,66,17,0,36,16
295,Sunroof,"Nicky Youre, Dazy",2,2021,12,3,3741.0,17,6527.04649,156,35,110,19,0.0,131,A#,Major,77,84,71,35,0,15,4
303,10:35,"Ti��sto, Tate M",2,2022,11,1,4942.0,26,3255.92432,190,104,147,18,63.0,120,G#,Major,70,70,79,7,0,18,10
306,La Bebe,Yng Lvcas,1,2021,12,24,489.0,17,1919.45597,4,11,5,1,2.0,170,D,Minor,78,75,46,62,0,12,35
308,Late Night Talking,Harry Styles,1,2022,5,20,7461.0,8,7436.93613,166,42,199,16,58.0,115,A#,Major,71,90,73,30,0,11,5
309,Le�,Mar��lia Mendo,1,2022,12,9,993.0,4,2677.89608,30,84,88,1,28.0,130,F#,Major,74,79,87,45,0,30,3
311,Something in the Orange,Zach Bryan,1,2022,4,22,3282.0,12,4497.01773,67,84,46,16,117.0,110,G,Major,59,22,38,42,0,12,3
314,Midnight Rain,Taylor Swift,1,2022,10,21,2612.0,4,4333.56509,19,29,21,0,0.0,140,,Major,64,18,37,72,0,12,7
316,You Proof,Morgan Wallen,1,2022,5,13,2128.0,9,3678.14306,37,88,9,0,14.0,120,A,Major,73,64,85,25,0,61,3
317,LA INOCENTE,"Feid, Mora",2,2022,4,1,2598.0,37,4770.33549,28,57,43,8,85.0,92,F,Minor,76,46,79,31,0,7,6
318,Malas Decisiones,Kenia OS,1,2022,10,26,542.0,2,1562.147,23,2,21,0,0.0,110,G#,Minor,81,64,79,5,0,31,3
319,Murder In My Mind,Kordhell,1,2022,1,21,2459.0,20,4488.43705,20,68,50,0,22.0,120,A#,Major,71,57,97,1,0,13,11
321,CAIRO,"Karol G, Ovy On The Drums",2,2022,11,13,2418.0,26,2943.52144,52,66,55,1,16.0,115,F,Minor,95,43,69,47,0,9,31
328,Marisola - Remix,"Duki, NICKI NICOLE, Cris Mj, Standly, Stars Music Chile",5,2022,12,15,1845.0,16,2235.82566,20,8,30,2,0.0,95,C#,Major,77,72,87,17,0,7,5
329,LOKERA,"Brray, Rauw Alejandro, Lyanno",3,2022,7,25,3301.0,30,4718.19764,72,64,64,6,3.0,102,B,Minor,83,58,83,21,0,10,5
330,Low,SZA,1,2022,12,9,1911.0,0,2723.77463,23,71,14,0,9.0,145,,Minor,70,34,55,43,0,16,6
334,One Thing At A Time,Morgan Wallen,1,2022,12,2,811.0,4,1484.69433,11,58,5,0,21.0,142,G,Major,61,92,91,0,0,26,3
335,Miss You,"Robin Schulz, Oliver Tree",2,2022,8,5,5730.0,10,4972.25336,108,16,197,3,165.0,145,F#,Minor,59,20,74,1,0,15,5
341,LET GO,Central Cee,1,2022,12,15,2301.0,20,2980.63749,49,23,110,0,8.0,146,D,Minor,74,51,45,86,0,21,38
344,"Apna Bana Le (From ""Bhediya"")","Arijit Singh, Sachin-Jigar",2,2022,11,5,86.0,0,1398.36056,11,101,0,0,48.0,94,A,Major,59,44,56,80,0,6,3
345,SPIT IN MY FACE!,ThxSoMch,1,2022,10,31,629.0,14,3032.16294,32,3,9,0,0.0,94,G#,Major,73,65,79,5,2,11,6
346,PLAYA DEL INGL�,"Myke Towers, Quevedo",2,2022,12,15,1701.0,15,2214.09663,30,15,34,2,47.0,113,G,Minor,79,66,74,8,0,11,5
349,Kahani Suno 2.0,Kaifi Khalil,1,2022,5,31,162.0,6,1567.77415,1,10,1,0,1.0,140,B,Major,58,26,38,91,0,10,4
350,Nobody Gets Me,SZA,1,2022,12,9,2536.0,6,2849.08316,59,100,58,13,2.0,100,G,Major,36,28,28,81,0,18,3
352,Hype Boy,NewJeans,1,2022,8,1,892.0,17,3634.72647,20,119,12,2,7.0,100,E,Minor,59,78,94,27,0,29,23
354,Monoton�,"Ozuna, Shakira",2,2022,10,19,3645.0,15,3807.26517,118,34,150,4,19.0,132,,Minor,87,82,70,42,0,21,5
357,Thought You Should Know,Morgan Wallen,1,2022,5,6,968.0,4,2032.21468,16,53,1,0,61.0,140,F#,Major,53,51,70,49,0,14,3
359,Zona De Perigo,Leo Santana,1,2022,12,8,531.0,4,1342.94498,20,1,71,2,0.0,135,F,Major,81,97,77,75,0,35,3
360,Lovezinho,Treyce,1,2022,7,28,242.0,0,700.69745,12,2,13,0,4.0,128,E,Minor,82,61,59,30,0,12,4
361,I Like You (A Happier Song) (with Doja Cat),"Post Malone, Doja Cat",2,2022,6,3,5281.0,14,6092.93408,94,21,80,15,38.0,101,F,Major,74,43,69,12,0,12,7
362,Neverita,Bad Bunny,1,2022,5,6,2590.0,30,6713.65962,20,64,35,6,0.0,122,A#,Major,88,43,50,7,0,14,5
363,Vista Al Mar,Quevedo,1,2022,9,8,1769.0,34,3623.61576,16,19,21,3,4.0,105,,Minor,76,49,56,80,12,10,13
364,Sem Alian��a no ,"MC Xenon, Os Gemeos da Putaria",2,2022,12,23,454.0,4,935.87665,6,1,21,0,1.0,83,C#,Major,53,40,36,73,0,11,33
365,Enemy (with JID) - from the series Arcane League of Legends,"Imagine Dragons, League of Legends, JID, Arcane",4,2021,9,3,6180.0,7,12234.81149,122,88,580,21,10.0,77,B,Minor,72,59,76,24,0,42,28
367,Bombonzinho - Ao Vivo,"Israel & Rodolffo, Ana Castela",2,2022,11,3,1254.0,6,2634.5331,26,69,73,2,6.0,158,C#,Major,65,72,95,31,0,92,5
369,Qu�� Ago,"Yuridia, Angela Aguilar",2,2022,10,20,660.0,15,2368.57112,19,59,18,5,52.0,98,B,Major,73,88,57,56,0,5,2
372,About Damn Time,Lizzo,1,2022,7,15,2332.0,2,7238.94473,0,0,25,0,0.0,109,A#,Minor,84,72,74,10,0,34,7
375,Besos Moja2,"Wisin & Yandel, ROSAL�",2,2022,9,29,2460.0,13,3094.83971,53,7,56,3,1.0,94,F,Minor,74,64,73,6,0,10,6
376,Maan Meri Jaan,King,1,2022,10,12,288.0,6,3195.66866,11,80,1,0,8.0,96,F#,Minor,70,40,51,35,0,10,4
377,Moscow Mule,Bad Bunny,1,2022,5,6,4572.0,33,9090.01996,74,113,85,9,2.0,100,F,Minor,80,29,67,29,0,12,3
378,My Universe,"Coldplay, BTS",2,2021,9,24,6127.0,13,10619.66512,0,0,0,0,0.0,105,A,Major,58,42,68,1,0,14,4
383,ANTIFRAGILE,LE SSERAFIM,1,2022,10,17,761.0,12,3010.51721,23,95,11,0,3.0,105,A#,Minor,88,82,80,8,0,11,8
384,Boy's a liar,PinkPantheress,1,2022,11,30,1225.0,0,1563.38624,27,0,28,13,0.0,133,F,Major,66,74,84,25,0,21,4
386,Shirt,SZA,1,2022,10,28,3469.0,0,3096.53982,71,95,31,0,2.0,120,D#,Minor,82,55,45,15,3,9,10
387,Lift Me Up - From Black Panther: Wakanda Forever - Music From and Inspired By,Rihanna,1,2022,10,28,3311.0,0,2973.2896,129,31,212,1,41.0,177,A,Major,25,17,30,90,0,13,3
388,STAR WALKIN' (League of Legends Worlds Anthem),Lil Nas X,1,2022,9,22,2616.0,0,3325.06354,113,17,208,0,192.0,142,D,Minor,64,31,72,15,0,9,5
392,Calm Down,R��,1,2022,2,9,4013.0,10,4457.63624,107,44,750,22,,107,B,Major,81,82,78,38,0,12,4
393,Jhoome Jo Pathaan,"Arijit Singh, Vishal Dadlani, Sukriti Kakar, Vishal-Shekhar, Shekhar Ravjiani, Kumaar",6,2022,12,22,138.0,4,13.65184,13,78,2,0,0.0,105,G,Major,82,62,74,10,0,33,7
394,Escapism. - Sped Up,"RAYE, 070 Shake",2,2022,11,25,1368.0,0,1843.08753,12,1,11,0,8.0,108,F#,Minor,44,38,77,9,0,9,20
396,Dreamers [Music from the FIFA World Cup Qatar 2022 Official Soundtrack],"BTS, Jung Kook, FIFA Sound",3,2022,11,20,889.0,20,3233.58833,11,78,35,0,21.0,115,,Major,71,34,88,16,0,44,4
397,Te Felicito,"Shakira, Rauw Alejandro",2,2022,4,21,4796.0,9,6063.61689,124,66,212,13,1.0,174,F,Major,70,57,64,23,0,8,32
399,TV,Billie Eilish,1,2022,7,21,3009.0,2,3385.64981,68,89,65,0,25.0,141,E,Minor,41,9,25,84,1,14,4
402,"Besharam Rang (From ""Pathaan"")","Vishal-Shekhar, Shilpa Rao, Caralisa Monteiro, Kumaar, Vishal Dadlani, Shekhar Ravjiani",6,2022,12,12,130.0,4,1401.87018,21,79,2,0,0.0,116,G#,Minor,77,65,80,6,0,15,4
405,Pink Venom,BLACKPINK,1,2022,8,19,1963.0,16,5513.05895,57,119,77,1,13.0,90,,Major,80,71,69,2,0,27,10
406,WAIT FOR U (feat. Drake & Tems),"Drake, Future, Tems",3,2022,4,27,5491.0,14,5565.8527,128,84,75,0,35.0,83,C#,Major,46,34,64,31,0,7,34
409,Eu Gosto Assim - Ao Vivo,"Gustavo Mioto, Mari Fernandez",2,2022,9,16,1473.0,4,2226.12678,27,64,66,1,4.0,154,,Major,64,61,91,15,0,72,4
410,INDUSTRY BABY (feat. Jack Harlow),"Jack Harlow, Lil Nas X",2,2021,7,23,13315.0,0,18143.49763,300,47,690,0,,150,D#,Minor,74,89,70,2,0,5,6
413,PUNTO 40,"Baby Rasta, Rauw Alejandro",2,2022,9,22,3006.0,12,3040.79786,54,32,66,2,0.0,107,,Major,87,20,83,0,4,31,9
414,Evoque Prata,"DJ Escobar, MC MENOR SG, MC MENOR HR",3,2022,9,9,852.0,0,1740.06928,14,1,50,0,0.0,87,G,Major,87,52,52,31,0,28,24
415,How Do I Say Goodbye,Dean Lewis,1,2022,8,5,2163.0,15,2847.85823,72,97,58,0,154.0,82,G#,Major,40,39,64,21,0,7,7
416,Blind,SZA,1,2022,12,9,1484.0,0,1632.84,22,51,12,0,0.0,114,A,Minor,46,60,28,91,0,21,4
417,Die For You,Joji,1,2022,11,4,1703.0,0,2463.90068,38,45,36,16,0.0,148,G#,Major,47,15,52,38,13,29,5
418,Doja,Central Cee,1,2022,7,20,4169.0,44,4822.57456,57,44,183,1,11.0,140,F#,Major,91,97,57,38,0,40,29
419,Gatita,Bellakath,1,2022,10,3,1054.0,0,1686.84524,9,0,15,0,1.0,101,G,Major,90,76,81,15,24,33,6
420,Rumble,"Skrillex, Flowdan, Fred again..",3,2022,1,17,2849.0,0,784.89819,39,45,27,0,1.0,140,C#,Minor,81,6,84,5,23,6,6
421,Niagara Falls (Foot or 2) [with Travis Scott & 21 Savage],"Travis Scott, 21 Savage, Metro Boomin",3,2022,12,2,1602.0,0,1955.16622,12,22,12,0,2.0,88,G,Minor,49,24,66,19,0,18,29
422,Yonaguni,Bad Bunny,1,2021,6,4,9644.0,28,12605.94497,120,86,164,4,0.0,180,C#,Major,64,44,65,28,0,14,12
423,Super Freaky Girl,Nicki Minaj,1,2022,8,12,4827.0,0,4286.8568,104,17,76,9,2.0,133,D,Major,95,91,89,6,0,31,24
426,Limbo,Freddie Dredd,1,2022,8,11,688.0,0,1993.86237,14,1,17,0,2.0,75,B,Minor,80,46,62,3,6,11,46
427,Where Are You Now,"Lost Frequencies, Calum Scott",2,2021,7,30,10565.0,44,9725.09632,238,122,557,17,58.0,121,F#,Minor,67,26,64,52,0,17,10
428,WORTH NOTHING,"Twisted, Oliver Tree",2,2022,9,28,1612.0,0,2134.3858,34,54,34,0,2.0,140,D,Minor,58,17,62,18,0,20,8
430,KICK BACK,Kenshi Yonezu,1,2022,10,12,574.0,4,2100.38833,38,101,26,0,0.0,102,C#,Major,58,29,94,0,0,9,11
431,Evergreen (You Didn���t Deserve Me A,Omar Apollo,1,2022,4,8,2499.0,0,2279.18678,70,0,49,0,0.0,82,A,Major,70,31,34,60,1,11,4
434,Woman,Doja Cat,1,2021,6,25,9424.0,0,13290.90101,202,50,463,4,,108,F,Minor,82,88,76,9,0,12,9
435,Shut up My Moms Calling - (Sped Up),Hotel Ugly,1,2022,9,14,713.0,7,1818.31132,2,4,6,0,0.0,85,F,Minor,65,36,47,31,0,12,10
436,Ferrari,"James Hype, Miggy Dela Rosa",2,2022,3,14,7758.0,28,4627.91599,173,79,175,0,168.0,125,C#,Minor,84,70,69,1,0,5,5
437,"You're On Your Own, Kid",Taylor Swift,1,2022,10,21,2537.0,2,3486.47203,8,18,20,0,1.0,120,D,Major,69,40,39,41,0,13,6
438,"Kesariya (From ""Brahmastra"")","Pritam, Arijit Singh, Amitabh Bhattacharya",3,2022,7,17,292.0,6,3665.99607,26,98,4,0,0.0,94,,Major,58,44,57,57,0,10,3
455,Seek & Destroy,SZA,1,2022,12,9,1006.9999999999999,0,987.09329,5,31,1,0,0.0,152,C#,Major,65,35,65,44,18,21,7
456,Love Language,SZA,1,2022,12,9,1127.0,0,1108.49052,16,63,8,0,0.0,65,A,Minor,71,55,26,85,0,13,8
458,Used (feat. Don Toliver),"SZA, Don Toliver",2,2022,12,8,1042.0,0,940.05786,7,29,3,0,0.0,150,A#,Minor,73,71,69,53,0,32,9
463,Ghost in the Machine (feat. Phoebe Bridgers),"SZA, Phoebe Bridgers",2,2022,12,9,1634.0,0,1100.7325,16,20,4,0,0.0,125,F#,Major,62,59,43,84,3,11,5
464,Special,SZA,1,2022,12,9,906.0,0,880.92256,6,21,3,0,0.0,76,,Major,60,19,20,78,0,11,5
467,SOS,SZA,1,2022,12,9,827.0,0,739.81293,6,18,1,0,0.0,119,G,Minor,51,51,66,67,0,9,23
468,Open Arms (feat. Travis Scott),"SZA, Travis Scott",2,2022,12,8,1420.0,4,1556.53938,13,87,17,0,46.0,78,A,Major,67,22,59,76,1,15,16
472,Gone Girl,SZA,1,2022,12,9,892.0,0,653.62788,3,17,2,0,0.0,150,F,Major,43,42,44,57,0,15,6
473,F2F,SZA,1,2022,12,9,989.0,0,675.40165,5,9,1,0,0.0,90,D,Major,53,47,74,9,0,34,4
474,Notice Me,SZA,1,2022,12,9,819.0,0,620.19074,14,22,0,0,0.0,160,F,Major,72,78,68,28,0,11,12
478,Antidepresan,"Mabel Matiz, Mert Demir",2,2022,11,4,313.0,2,1366.89549,10,6,7,1,9.0,100,B,Minor,70,92,59,3,0,10,3
479,Wild Flower (with youjeen),RM,1,2022,12,2,353.0,2,1356.11421,2,74,14,0,2.0,155,G#,Major,49,42,77,3,0,12,9
480,I Hate U,SZA,1,2021,12,3,4094.0000000000005,0,3567.09897,66,96,43,0,0.0,107,G,Minor,54,41,39,51,0,11,16
481,Raindrops (Insane) [with Travis Scott],"Travis Scott, Metro Boomin",2,2022,12,2,880.0,0,1106.49992,3,7,10,0,0.0,112,G#,Major,80,15,54,9,0,38,5
482,SPIT IN MY FACE!,ThxSoMch,1,2022,10,31,573.0,0,3018.69854,1,0,18,0,24.0,166,C#,Major,70,57,57,9,20,11,7
484,Smoking on my Ex Pack,SZA,1,2022,12,9,811.0,0,571.44458,6,11,3,0,0.0,81,G#,Major,47,33,68,24,0,22,38
485,Conceited,SZA,1,2022,12,9,899.0,0,568.70689,2,14,2,0,0.0,150,C#,Major,79,77,46,5,0,11,7
486,Snow On The Beach (feat. Lana Del Rey),"Taylor Swift, Lana Del Rey",2,2022,10,21,2415.0,0,3234.37194,33,57,30,0,11.0,110,A,Major,66,19,32,69,0,12,4
487,Maroon,Taylor Swift,1,2022,10,21,2304.0,0,3177.26339,12,16,14,0,0.0,108,G,Major,64,4,40,6,0,10,6
488,Tubar��o Te,"Dj LK da Esc��cia, Tchakabum, mc jhenny, M",4,2022,9,28,1002.9999999999999,0,1161.44341,21,0,44,0,0.0,130,E,Minor,89,48,74,30,0,7,36
489,Bejeweled,Taylor Swift,1,2022,10,21,2699.0,0,3282.07708,39,35,22,2,0.0,164,G,Major,70,39,56,6,0,9,7
490,Tarot,"Bad Bunny, Jhay Cortez",2,2022,5,6,2482.0,20,6082.28647,27,77,22,2,0.0,114,B,Minor,80,42,68,2,0,66,4
492,Desesperados,"Chencho Corleone, Rauw Alejandro",2,2021,6,25,6821.0,34,8093.06935,83,58,128,7,0.0,90,C#,Minor,87,51,69,36,0,9,8
493,Too Late,SZA,1,2022,12,8,714.0,0,492.62961,0,9,2,0,0.0,128,B,Major,45,35,68,78,0,39,8
494,Party,"Bad Bunny, Rauw Alejandro",2,2022,5,6,3185.0,4,6145.55082,38,64,37,3,36.0,97,A,Major,83,47,80,2,0,24,9
497,Far,SZA,1,2022,12,9,680.0,0,516.41685,2,15,1,0,0.0,116,D,Major,61,48,55,67,0,16,8
498,On Time (with John Legend),"John Legend, Metro Boomin",2,2022,12,2,398.0,0,781.39948,2,2,6,0,2.0,80,F,Minor,33,51,59,76,0,44,6
499,GAT��,"Maldy, Karol G",2,2022,8,25,3328.0,13,3223.36177,39,50,57,3,1.0,93,B,Minor,63,34,86,26,0,21,39
500,���abcdefu,Gayle,1,2021,8,13,7215.0,0,10076.12429,170,12,575,18,,122,E,Major,70,42,54,30,0,37,5
501,Sacrifice,The Weeknd,1,2022,1,7,4440.0,0,3267.92833,81,77,133,0,,122,G,Major,70,91,79,3,0,7,10
502,Is There Someone Else?,The Weeknd,1,2022,1,7,2881.0,6,3912.51368,13,89,34,0,3.0,135,A,Minor,70,60,58,4,0,16,3
503,Fingers Crossed,"Lauren Spencer Smith, Lauren Spencer Smith, Lauren Spencer Smith",3,2022,1,5,2235.0,0,3495.8559,65,7,70,16,6.0,109,F,Major,60,45,47,62,0,31,5
504,Out of Time,The Weeknd,1,2022,1,7,3711.0,0,3396.59802,49,88,62,0,,93,,Minor,65,82,74,27,0,32,5
505,Do It To It,"Cherish, ACRAZE",2,2021,8,20,12403.0,0,6747.72936,183,63,465,0,11.0,125,B,Minor,85,64,81,2,5,7,9
506,We Don't Talk About Bruno,"Adassa, Mauro Castillo, Stephanie Beatriz, Encanto - Cast, Rhenzy Feliz, Diane Guerrero, Carolina Gaitan",7,2021,11,19,2785.0,0,4327.19968,95,89,44,0,,206,,Minor,58,83,45,36,0,11,8
507,Pepas,Farruko,1,2021,6,24,14114.0,17,13098.87447,252,109,965,20,,130,G,Major,76,44,77,1,0,13,3
508,How Do I Make You Love Me?,The Weeknd,1,2022,1,7,1915.0,0,1192.38316,7,47,15,0,0.0,121,G,Minor,80,62,51,2,0,9,8
509,Gasoline,The Weeknd,1,2022,1,7,2297.0,0,1169.03579,11,29,14,0,0.0,123,F#,Minor,74,35,73,0,0,21,5
511,Less Than Zero,The Weeknd,1,2022,1,7,2800.0,0,2006.60871,18,77,61,0,1.0,143,,Major,53,50,79,0,0,8,3
512,Take My Breath,The Weeknd,1,2021,8,6,2597.0,0,1306.55803,17,80,38,0,0.0,121,A#,Minor,70,35,77,1,0,26,4
513,good 4 u,Olivia Rodrigo,1,2021,5,14,15563.0,6,18870.39593,259,55,461,1,,166,F#,Minor,56,68,66,28,0,11,18
514,"Here We Go��� Again (feat. Tyler, the Cr","The Weeknd, Tyler, The Creator",3,2022,1,7,1420.0,0,881.03848,7,18,7,0,0.0,135,C#,Major,41,27,64,36,0,60,3
515,Best Friends,The Weeknd,1,2022,1,7,1292.0,0,1011.14984,3,18,14,0,0.0,87,E,Minor,49,49,59,44,0,35,21
516,Kiss Me More (feat. SZA),"SZA, Doja Cat",2,2021,4,9,15867.0,0,15754.67011,382,65,497,0,12.0,111,G#,Major,77,74,66,30,0,13,3
517,I Heard You're Married (feat. Lil Wayne),"The Weeknd, Lil Wayne",2,2022,1,7,1178.0,0,916.56026,9,10,9,0,0.0,110,D,Major,75,85,84,10,0,31,19
518,Need To Know,Doja Cat,1,2021,6,11,6672.0,0,10425.68408,125,36,150,0,,130,C#,Major,66,19,61,30,0,9,7
521,Dawn FM,The Weeknd,1,2022,1,7,811.0,0,539.33526,1,8,6,0,0.0,78,A,Minor,27,10,49,62,0,49,5
522,Surface Pressure,Jessica Darrow,1,2021,11,19,1756.0,0,2677.58538,38,48,20,0,0.0,180,D,Major,65,37,58,2,0,4,31
523,Starry Eyes,The Weeknd,1,2022,1,7,1014.0,0,746.01456,1,17,11,0,0.0,86,A,Minor,28,13,41,50,0,19,3
524,THATS WHAT I WANT,Lil Nas X,1,2021,9,17,7963.0,0,9207.97189,173,7,298,0,4.0,88,C#,Minor,74,55,85,1,0,5,22
525,One Right Now (with The Weeknd),"The Weeknd, Post Malone",2,2021,11,5,4771.0,0,5395.95276,68,18,75,0,1.0,97,C#,Major,68,72,78,4,0,7,5
528,Lo Siento BB:/ (with Bad Bunny & Julieta Venegas),"Julieta Venegas, Bad Bunny, Tainy",3,2021,10,5,3423.0,26,7755.42072,61,65,53,6,0.0,170,E,Minor,64,14,70,9,0,9,8
529,MONEY,Lisa,1,2021,9,10,2566.0,13,8636.25566,44,109,131,0,,140,C#,Minor,83,40,55,16,0,14,23
530,The Motto,"Ti��sto, Ava",2,2021,11,4,9151.0,6,6560.13912,240,107,268,0,5.0,118,G,Minor,75,46,76,3,0,9,4
531,Happier Than Ever,Billie Eilish,1,2021,7,30,8476.0,0,10567.60045,138,133,283,0,,65,,Major,31,31,24,76,0,14,4
532,Moth To A Flame (with The Weeknd),"The Weeknd, Swedish House Mafia",2,2021,10,22,7495.0,17,6119.94237,114,172,284,2,,120,,Minor,56,16,67,0,0,11,4
533,traitor,"Juan Cruz Toledo, Huilen Toledo",2,2021,5,21,5257.0,6,12308.55859,85,43,134,0,,176,D#,Major,29,12,33,68,0,12,5
534,Toxic,BoyWithUke,1,2021,9,10,1795.0,0,5829.8138,34,23,118,0,,180,G#,Minor,59,69,61,84,0,46,36
535,drivers license,Olivia Rodrigo,1,2021,1,8,12685.0,3,18581.44199,185,61,485,0,,144,A#,Major,59,21,43,76,0,10,7
536,Malvad��,"Xam��, Gustah, Neo B",3,2021,11,30,648.0,1,2406.84449,14,3,81,0,0.0,133,F#,Minor,82,52,61,38,0,14,27
537,All Too Well (10 Minute Version) (Taylor's Version) (From The Vault),Taylor Swift,1,2021,11,12,4635.0,5,5836.87007,50,49,30,1,2.0,93,,Major,63,21,52,28,0,9,3
538,Don���t Break My,The Weeknd,1,2022,1,7,1184.0,0,638.03529,1,5,6,0,0.0,122,A#,Major,77,25,62,34,0,23,3
539,Oh My God,Adele,1,2021,11,19,4431.0,0,4662.14729,105,7,199,0,0.0,88,C#,Major,53,55,73,9,0,3,5
540,Entre Nosotros (Remix) [con Nicki Nicole],"Lit Killah, Maria Becerra, Tiago pzk, NICKI NICOLE",4,2022,1,5,759.0,3,2369.4048,32,0,12,0,0.0,170,F,Minor,70,61,44,40,0,37,4
541,A Tale By Quincy,The Weeknd,1,2022,1,7,733.0,0,419.24466,0,2,2,0,0.0,94,F,Minor,46,55,50,71,0,10,11
542,I AM WOMAN,Emmy Meli,1,2021,11,18,2795.0,0,2252.59194,45,0,107,0,0.0,170,A#,Major,65,46,47,12,0,13,16
543,Medallo,"Justin Quiles, Lenny Tav��rez, BL",3,2021,10,27,2780.0,2,3932.30256,54,21,57,1,0.0,90,E,Minor,79,79,70,57,0,66,8
544,It'll Be Okay,Shawn Mendes,1,2021,12,1,1950.0,0,2872.01015,56,8,104,0,10.0,78,G,Major,40,7,29,62,0,9,3
546,Super Gremlin,Kodak Black,1,2021,10,30,2551.0,0,3427.79426,52,15,35,0,1.0,73,D,Major,83,11,41,0,0,36,14
547,Volv�,"Aventura, Bad Bunny",2,2021,8,3,5375.0,10,6738.01126,138,24,133,0,1.0,176,C#,Major,73,79,86,42,0,7,18
550,Smokin Out The Window,"Bruno Mars, Anderson .Paak, Silk Sonic",3,2021,11,5,4963.0,0,3835.50148,63,40,76,0,0.0,82,D,Major,63,85,62,6,0,35,4
552,Every Angel is Terrifying,The Weeknd,1,2022,1,7,715.0,0,373.07967,0,1,2,0,0.0,118,,Major,44,52,94,11,0,4,29
553,Tacones Rojos,Sebastian Yatra,1,2021,10,22,3047.0,9,5108.76816,77,31,85,5,28.0,123,B,Minor,75,93,86,8,0,14,3
554,Peaches (feat. Daniel Caesar & Giveon),"Justin Bieber, Daniel Caesar, Giveon",3,2021,3,19,14140.0,0,14459.41661,231,52,612,6,,90,,Major,63,49,68,38,0,42,18
556,"Tiago PZK: Bzrp Music Sessions, Vol. 48","Bizarrap, Tiago pzk",2,2021,12,29,1678.0,12,3741.91487,20,4,15,1,3.0,96,C#,Minor,66,76,82,47,0,10,32
557,L���,Stromae,1,2022,1,9,2035.0000000000002,0,1088.0909,41,122,394,0,2.0,88,D,Minor,56,58,55,35,0,23,11
558,Nost��l,"Chris Brown, Rvssian, Rauw Alejandro",3,2021,9,8,2780.0,2,4366.95353,86,76,59,0,16.0,98,A,Minor,73,60,85,17,0,24,5
559,Better Days (NEIKED x Mae Muller x Polo G),"NEIKED, Mae Muller, Polo G",3,2021,9,24,4091.0,0,4210.40617,105,2,73,13,1.0,110,,Minor,72,67,68,0,0,14,4
561,Sad Girlz Luv Money Remix (feat. Kali Uchis),"Kali Uchis, Amaarae, Moliy",3,2021,9,16,3643.0,0,3540.65229,69,3,70,0,3.0,110,C#,Minor,86,31,53,43,0,11,6
562,Butter,BTS,1,2021,5,21,4779.0,6,11436.47827,180,135,223,0,5.0,110,G#,Major,79,70,36,0,0,6,11
563,pushin P (feat. Young Thug),"Young Thug, Future, Gunna",3,2022,1,7,3517.0,0,3113.95144,54,28,43,0,0.0,78,C#,Minor,77,49,42,1,1,13,19
564,You Right,"Doja Cat, The Weeknd",2,2021,6,24,5073.0,0,6726.5625,83,9,100,0,4.0,129,G#,Major,83,44,62,2,0,8,6
565,deja vu,Olivia Rodrigo,1,2021,4,1,7545.0,4,12568.80657,117,39,141,0,46.0,181,A,Major,44,22,60,61,0,42,9
567,TO THE MOON,Jnr Choi,1,2021,11,5,2979.0,0,2450.95641,44,0,159,0,0.0,144,D,Major,74,39,65,5,1,11,35
569,Salimo de Noche,"Trueno, Tiago pzk",2,2021,10,21,1057.0,0,2614.14174,17,5,21,0,0.0,84,D,Major,67,78,63,29,0,12,5
570,Volando - Remix,"Sech, Bad Bunny, Mora",3,2021,7,8,3272.0,19,6100.45621,101,34,70,1,2.0,154,F#,Major,66,63,69,21,0,11,7
571,Leave The Door Open,"Bruno Mars, Anderson .Paak, Silk Sonic",3,2021,3,5,14417.0,0,11158.80852,237,123,569,0,10.0,148,F,Major,59,72,62,18,0,9,3
572,Knife Talk (with 21 Savage ft. Project Pat),"Drake, Project Pat, 21 Savage",3,2021,9,3,5199.0,0,5944.82982,45,43,45,0,3.0,146,F,Minor,85,22,37,13,0,7,30
573,Don't Be Shy,"Ti��sto, Kar",2,2021,8,1,6026.0,0,5669.54746,171,51,187,1,21.0,120,B,Minor,77,51,79,20,0,26,6
574,LA FAMA (with The Weeknd),"The Weeknd, ROSAL�",2,2021,11,11,4640.0,3,3747.0694,81,93,507,6,4.0,136,,Minor,77,82,30,95,0,13,5
575,The Family Madrigal,"Olga Merediz, Stephanie Beatriz, Encanto - Cast",3,2021,11,19,1150.0,0,1849.37148,20,38,12,0,0.0,141,C#,Major,59,56,63,12,0,6,36
576,Phantom Regret by Jim,The Weeknd,1,2022,1,7,768.0,0,319.59571,1,1,3,0,0.0,108,A,Minor,46,23,48,75,30,14,4
577,Dos Oruguitas,Sebastian Yatra,1,2021,11,19,925.0,0,1670.76418,24,47,74,0,0.0,94,,Major,42,47,36,76,0,9,5
579,Acapulco,Jason Derulo,1,2021,9,1,3098.0,0,3634.67642,111,5,182,1,0.0,122,A#,Major,77,51,79,5,0,16,5
581,thought i was playing,"21 Savage, Gunna",2,2022,1,7,807.0,0,606.80939,3,0,5,0,0.0,148,C#,Major,68,29,73,0,0,7,7
582,ELEVEN,IVE,1,2021,12,1,521.0,1,2477.37946,17,89,11,0,0.0,120,A,Major,83,59,73,6,0,5,11
584,What Else Can I Do?,"Stephanie Beatriz, Diane Guerrero",2,2021,11,19,802.0,0,1547.97871,13,27,8,0,0.0,120,E,Major,72,54,71,26,0,10,4
585,DANCE CRIP,Trueno,1,2021,11,17,731.0,0,1988.83004,14,14,24,0,4.0,106,,Major,86,86,79,11,0,8,9
586,Miserable Man,David Kushner,1,2022,1,7,788.0,0,1244.07432,13,0,32,1,0.0,110,A#,Major,63,31,35,93,0,29,3
587,happier,Olivia Rodrigo,1,2021,5,21,3069.0,4,8506.08354,25,46,105,0,45.0,169,F#,Major,39,36,45,81,0,8,13
588,Praise God,Kanye West,1,2021,8,29,4651.0,0,3763.3303,24,6,105,0,0.0,118,C#,Major,80,21,55,1,0,26,17
589,Get Into It (Yuh),Doja Cat,1,2021,6,25,4999.0,0,5167.84627,43,19,73,12,0.0,92,G#,Minor,91,79,66,32,0,9,16
593,Sobrio,Maluma,1,2021,7,8,3506.0,10,5136.43924,103,76,100,1,1.0,178,F,Major,76,63,77,14,0,15,22
594,Peru,"Ed Sheeran, Fireboy DML",2,2021,12,23,2999.0,0,2612.86503,60,17,154,0,22.0,108,G,Minor,96,71,42,57,0,8,9
595,favorite crime,Olivia Rodrigo,1,2021,5,21,3681.0,0,7837.06581,20,21,99,0,7.0,173,A,Major,40,19,29,86,0,34,4
596,Thunder,"Prezioso, Gabry Ponte, LUM!X",3,2021,5,7,4846.0,10,4226.91058,54,16,259,0,13.0,101,C#,Major,67,40,90,3,0,34,6
599,I WANNA BE YOUR SLAVE,M��ne,1,2021,3,19,4873.0,0,8510.70493,65,88,434,3,13.0,133,C#,Major,75,96,61,0,0,18,4
600,Vai L�� Em Casa ,"Mar��lia Mendon��a, George Henrique &",2,2021,10,22,772.0,0,2638.94529,7,3,89,0,0.0,158,G#,Minor,46,62,83,53,0,97,28
601,The Feels,TWICE,1,2021,10,1,1150.0,0,3459.03614,20,99,44,0,2.0,120,A,Major,81,92,90,9,0,8,7
604,OUT OUT (feat. Charli XCX & Saweetie),"Charli XCX, Jax Jones, Joel Corry, Saweetie",4,2021,8,13,6890.0,0,4274.86004,122,11,201,0,1.0,124,G#,Minor,79,79,84,2,0,5,5
606,2055,Sleepy hallow,1,2021,4,14,2226.0,0,6245.15457,29,0,44,0,0.0,161,F#,Minor,78,65,52,46,0,12,31
608,Happier Than Ever - Edit,Billie Eilish,1,2021,7,28,1959.0,0,4127.95151,19,0,38,0,0.0,81,,Major,45,12,57,7,0,23,3
610,Ley Seca,"Anuel Aa, Jhay Cortez",2,2021,9,2,2012.0,0,3552.19175,101,12,38,0,0.0,105,G#,Major,76,58,84,10,0,13,10
611,Every Summertime,NIKI,1,2021,8,10,1211.0,2,2902.28626,30,2,5,0,6.0,79,F#,Major,63,76,67,38,0,6,4
615,Take My Breath,The Weeknd,1,2021,8,6,6392.0,0,4327.02334,174,73,344,0,0.0,121,G#,Major,75,53,74,2,0,11,5
616,Way 2 Sexy (with Future & Young Thug),"Drake, Future, Young Thug",3,2021,9,3,5481.0,0,4899.45871,144,30,86,0,0.0,136,B,Minor,80,33,60,0,0,32,14
617,C��,Rauw Alejandro,1,2021,6,25,2636.0,3,4659.59382,36,82,39,0,5.0,102,A,Minor,77,26,63,58,0,11,5
618,Enemy - from the series Arcane League of Legends,"Imagine Dragons, League of Legends, Arcane",3,2021,10,27,824.0,0,12234.81149,8,8,8,2,0.0,77,G,Major,73,54,74,23,0,41,23
621,Qu�� M��,"J Balvin, Maria Becerra",2,2021,1,28,8087.0,0,7208.25549,92,34,131,0,0.0,102,G#,Major,89,77,82,3,0,17,11
625,Fair Trade (with Travis Scott),"Drake, Travis Scott",2,2021,9,3,5403.0,6,5939.17618,118,116,96,0,3.0,168,C#,Major,67,29,47,5,0,22,26
626,Bar,"Tini, L-Gante",2,2021,11,11,755.0,4,2009.72675,22,3,0,0,0.0,94,C#,Major,52,68,69,13,0,33,8
627,The Rumbling (TV Size),SiM,1,2022,1,10,254.0,0,710.14967,0,4,23,0,0.0,145,G#,Major,41,65,88,0,0,26,5
628,family ties (with Kendrick Lamar),"Kendrick Lamar, Baby Keem",2,2021,8,27,6308.0,5,5602.2275,114,15,63,0,2.0,134,C#,Major,71,14,61,1,0,23,33
630,Blessed-Cursed,ENHYPEN,1,2022,1,10,246.0,0,773.37771,2,12,10,0,0.0,127,E,Minor,60,40,89,9,0,60,6
631,AM Remix,"J Balvin, Nio Garcia, Bad Bunny",3,2021,6,24,6556.0,0,5285.44703,93,5,67,1,0.0,172,F#,Minor,74,79,66,11,0,8,16
634,Polaroid Love,ENHYPEN,1,2022,1,10,461.0,0,2113.72494,10,56,17,0,0.0,138,G,Minor,74,65,67,46,0,36,4
635,Leave Before You Love Me (with Jonas Brothers),"Marshmello, Jonas Brothers",2,2021,4,28,4893.0,4,6517.32901,143,24,110,0,70.0,120,G,Major,72,67,72,0,0,13,4
636,Permission to Dance,BTS,1,2021,7,9,1801.0,2,6083.34048,77,134,74,0,2.0,125,A,Major,70,65,74,1,0,34,4
637,Friday (feat. Mufasa & Hypeman) - Dopamine Re-Edit,"Riton, Nightcrawlers, Mufasa & Hypeman, Dopamine",4,2021,1,15,12043.0,0,8637.56573,209,54,710,0,18.0,123,D,Major,82,80,86,1,0,30,13
638,RAPSTAR,Polo G,1,2021,4,9,4731.0,0,7974.02345,141,12,78,0,0.0,81,F#,Major,79,44,54,41,0,13,24
641,Se Le Ve,"Arcangel, De La Ghetto, Justin Quiles, Lenny Tav��rez, Sech, Dalex, Dimelo Flow, Rich Music",8,2021,8,12,1560.0,0,2233.19934,72,0,0,0,0.0,84,G,Minor,56,61,76,10,0,14,11
642,25k jacket (feat. Lil Baby),"Gunna, Lil Baby",2,2022,1,7,620.0,0,549.37991,17,3,3,0,0.0,115,F,Minor,90,74,54,16,0,13,28
643,When I���m Gone (with Katy ,"Katy Perry, Alesso",2,2021,12,29,3270.0,0,2268.97599,89,21,65,0,0.0,125,,Major,69,70,89,4,0,49,3
644,Esque��a-Me Se For C,"Mar��lia Mendon��a, Maiara &",2,2021,10,14,580.0,0,2583.16038,24,92,93,0,0.0,122,F#,Minor,80,62,69,28,0,13,7
645,Mi��n,"Tini, Maria Becerra",2,2021,4,29,3406.0,16,5961.5209,61,23,70,1,0.0,92,D,Major,85,92,54,16,0,29,7
646,S��,"Anuel Aa, Myke Towers, Jhay Cortez",3,2021,11,18,903.0,0,1771.29919,30,26,15,0,0.0,90,F#,Minor,63,75,75,17,0,11,8
647,MAMIII,"Karol G, Becky G",2,2022,2,10,6809.0,28,7165.91492,151,102,175,5,29.0,94,E,Minor,84,90,70,9,0,14,8
649,Stay Alive (Prod. SUGA of BTS),Jung Kook,1,2022,2,11,590.0,5,2463.7669,4,113,20,0,1.0,130,D,Minor,51,50,76,30,0,10,7
650,Boyfriend,Dove Cameron,1,2022,2,11,3766.0,0,4963.11364,76,0,102,0,2.0,180,G,Minor,35,23,61,23,0,19,6
651,The Joker And The Queen (feat. Taylor Swift),"Ed Sheeran, Taylor Swift",2,2022,2,11,1430.0,0,1467.89379,46,1,34,0,0.0,134,,Major,53,31,31,92,0,28,3
653,Light Switch,Charlie Puth,1,2022,1,19,4049.0000000000005,0,5003.40342,119,6,85,1,1.0,184,F#,Major,69,91,63,11,0,9,31
654,City of Gods,"Kanye West, Alicia Keys, Fivio Foreign",3,2022,2,11,2096.0,0,1072.55472,34,3,30,0,0.0,147,G#,Minor,47,50,80,10,0,32,38
655,Brividi,"Mahmood, Blanco",2,2022,2,2,1175.0,0,1350.79152,34,1,31,0,0.0,123,G,Major,52,44,60,40,0,26,3
658,she's all i wanna be,Tate McRae,1,2022,2,4,2711.0,0,3431.97054,105,12,51,0,12.0,160,D,Minor,61,65,64,1,0,12,4
665,Cigarettes,Juice WRLD,1,2021,12,10,975.0,0,1854.08548,11,0,10,0,0.0,160,D,Major,60,47,62,3,0,38,4
666,"Cay�� La Noche (feat. Cruz Cafun��, Abhir Hathi, Bejo, EL IMA)","Quevedo, La Pantera, Juseph, Cruz Cafun��, B��jo, Abhir Hathi",7,2022,1,14,1034.0,1,2454.00167,19,5,12,0,0.0,174,F,Minor,67,74,75,44,0,7,30
669,Down Under (feat. Colin Hay),"Luude, Colin Hay",2,2021,11,19,3541.0,2,2528.71192,57,13,50,1,7.0,172,B,Minor,31,4,86,1,0,28,17
670,Mujeriego,Ryan Castro,1,2021,12,17,1492.0,0,2319.96128,44,63,91,0,24.0,80,A,Major,76,92,62,6,0,8,13
676,Numb Little Bug,Em Beihold,1,2022,1,28,2025.9999999999998,0,2587.14692,47,3,42,12,6.0,85,G#,Minor,74,61,52,30,0,26,9
677,212,"Mainstreet, Chefin",2,2022,1,15,352.0,0,1431.39338,10,0,39,0,0.0,154,D,Minor,79,86,52,66,0,9,7
678,Problem�,"Alvaro Diaz, Rauw Alejandro",2,2021,10,22,1517.0,0,2097.68491,42,7,15,0,4.0,92,D,Minor,73,37,74,28,0,14,6
679,Bussin,"Nicki Minaj, Lil Baby",2,2022,2,11,847.0,0,647.14573,25,0,14,0,0.0,140,B,Major,89,75,70,6,0,13,5
680,Worst Day,Future,1,2022,2,11,910.0,0,507.4662,20,3,24,0,0.0,89,C#,Major,65,60,60,11,0,10,40
681,Malvada,Z�� Fe,1,2022,1,28,601.0,0,1541.19539,28,73,64,0,0.0,135,F,Minor,89,89,86,16,0,8,5
682,Hrs and Hrs,Muni Long,1,2021,11,19,1800.0,0,1813.28253,43,36,46,13,4.0,140,G#,Minor,51,66,53,60,0,11,18
686,Christmas Tree,V,1,2021,12,24,509.0,9,3176.22165,8,106,6,0,8.0,139,F,Major,44,18,38,70,0,12,4
687,Mal Feito - Ao Vivo,"Mar��lia Mendon��a, Hugo & G",2,2022,1,14,971.0,2,2917.09698,35,104,93,1,0.0,124,,Minor,73,68,83,55,0,90,7
689,Do We Have A Problem?,"Nicki Minaj, Lil Baby",2,2022,2,4,1064.0,0,813.50745,42,1,26,0,0.0,120,C#,Minor,84,54,51,47,0,12,40
691,Gospel (with Eminem),"Eminem, Dr. Dre",2,2022,2,4,1040.0,0,647.87943,8,0,29,0,0.0,117,C#,Major,92,62,86,11,0,24,24
697,Sweetest Pie,"Dua Lipa, Megan Thee Stallion",2,2022,3,11,3501.0,0,2996.34472,69,2,51,11,0.0,124,G,Major,81,68,63,17,0,10,22
698,Bam Bam (feat. Ed Sheeran),"Camila Cabello, Ed Sheeran",2,2022,3,4,6111.0,4,7569.07987,185,40,492,9,35.0,95,G#,Major,76,96,70,18,0,33,4
699,Una Noche en Medell�,Cris Mj,1,2022,1,21,5415.0,32,6824.75162,46,16,53,1,2.0,96,A#,Minor,87,82,53,10,0,5,8
700,Envolver,Anitta,1,2021,11,11,4673.0,2,5461.91065,123,113,180,1,4.0,92,E,Minor,81,40,73,15,0,9,8
701,Starlight,Dave,1,2022,3,3,1856.0,3,2294.7331,29,40,31,1,1.0,124,G,Major,95,36,37,35,0,10,28
702,Hati-Hati di Jalan,Tulus,1,2022,3,3,200.0,2,2026.77468,12,4,0,0,0.0,72,F#,Major,64,76,44,70,9,12,4
703,"I'm Tired - From ""Euphoria"" An Original HBO Series",Labrinth,1,2022,2,4,1888.0,0,1219.13181,26,1,58,0,0.0,71,,Minor,28,26,20,19,0,30,3
704,DAN��A,"Mc Pedrinho, Pedro Sampaio",2,2022,2,1,911.0,2,2081.66039,45,0,99,1,1.0,135,A,Minor,78,55,57,4,0,10,8
706,"Residente: Bzrp Music Sessions, Vol. 49","Residente, Bizarrap",2,2022,3,3,461.0,0,946.16487,7,11,13,0,0.0,71,C#,Minor,59,70,74,56,0,11,40
707,Jordan,Ryan Castro,1,2021,4,30,2844.0,2,3940.30335,29,2,35,1,0.0,180,A#,Minor,80,71,68,6,0,10,37
708,Nail Tech,Jack Harlow,1,2022,2,18,2939.0,0,1934.43895,42,0,24,0,0.0,150,E,Minor,65,11,58,0,0,12,9
709,Chale,Eden Mu��,1,2022,2,18,695.0,11,2996.48208,16,41,13,1,1.0,189,G#,Major,55,86,44,40,0,7,4
710,DARARI,Treasure,1,2022,2,15,328.0,0,1829.78249,10,21,7,0,9.0,85,,Major,72,55,64,49,0,7,4
711,Ya No Somos Ni Seremos,Christian Nodal,1,2022,2,18,866.0,16,3197.57142,27,84,32,7,11.0,140,G,Major,59,73,45,44,0,34,3
713,Freaky Deaky,"Tyga, Doja Cat",2,2022,2,25,1729.0,0,1532.40879,26,1,19,0,0.0,104,D,Minor,80,24,65,2,0,9,4
714,this is what falling in love feels like,JVKE,1,2021,9,3,2005.0,0,3461.2784,16,5,43,0,7.0,129,B,Major,42,33,44,62,0,8,6
720,"jealousy, jealousy",Olivia Rodrigo,1,2021,5,21,3257.0,0,6657.65558,10,0,70,0,0.0,164,A#,Minor,70,71,58,24,0,7,13
721,Mon��y so,YEAT,1,2021,9,10,1473.0,0,2637.7903,2,0,12,0,10.0,138,D,Major,69,35,57,12,0,10,9
725,O.O,NMIXX,1,2022,2,22,290.0,0,1354.44283,9,66,10,0,0.0,200,B,Minor,39,28,77,4,0,6,29
728,First Class,Jack Harlow,1,2022,4,8,8737.0,0,6945.25298,163,32,137,15,12.0,107,G#,Major,91,32,56,3,0,11,10
729,Plan A,Paulo Londra,1,2022,3,23,1105.0,0,2406.61097,32,0,19,0,0.0,174,,Major,58,56,83,5,0,7,4
730,Fuera del mercado,Danny Ocean,1,2022,2,17,2499.0,21,4213.65166,68,24,43,1,0.0,92,G#,Major,45,27,67,32,0,13,14
731,X ��LTIMA,"Daddy Yankee, Bad Bunny",2,2022,3,25,2697.0,1,3497.46291,55,3,32,0,0.0,90,G,Major,81,59,83,9,0,11,5
732,When You're Gone,Shawn Mendes,1,2022,3,31,2092.0,0,2551.20451,75,11,44,0,14.0,147,F,Major,60,58,69,2,0,58,4
733,In My Head,Lil Tjay,1,2022,4,1,1185.0,0,1909.81339,21,0,31,0,0.0,143,C#,Major,68,41,55,16,0,10,12
735,LOVE DIVE,IVE,1,2022,4,5,753.0,8,3057.71063,28,124,13,0,1.0,118,C#,Minor,70,54,71,0,0,33,4
736,Pantysito,"Feid, Alejo, Robi",3,2022,3,18,2995.0,0,2730.05485,49,17,30,0,0.0,98,G,Minor,83,63,74,14,0,16,6
737,Chance,Paulo Londra,1,2022,4,6,225.0,0,895.66512,11,0,7,0,0.0,138,C#,Minor,72,22,46,24,0,9,6
739,psychofreak (feat. WILLOW),"Camila Cabello, Willow",2,2022,4,7,918.0,0,754.76209,24,0,52,0,0.0,180,G,Minor,63,45,64,34,0,9,8
740,Angel Baby,Troye Sivan,1,2021,9,9,1959.0,9,4088.43328,52,25,32,0,10.0,145,B,Major,56,41,57,1,0,13,3
741,Vampiro,"Matu��, Wiu, ",3,2022,1,30,540.0,4,1877.72591,26,3,39,0,0.0,115,G#,Minor,78,63,64,1,0,7,4
742,Si Quieren Frontear,"De La Ghetto, Duki, Quevedo",3,2022,3,31,859.0,0,1785.12385,14,0,11,0,0.0,82,A#,Major,79,48,84,13,0,21,23
743,Right On,Lil Baby,1,2022,4,8,1116.0,0,1017.80047,31,9,15,0,1.0,166,D,Major,70,22,61,2,0,10,34
744,Me Arrepent�,"Ak4:20, Cris Mj, Pailita",3,2022,3,30,273.0,2,1183.81354,12,2,4,0,0.0,92,,Major,86,91,79,29,0,60,16
745,That's Hilarious,Charlie Puth,1,2022,4,8,686.0,2,1463.6313,11,6,12,0,15.0,108,F#,Major,71,55,44,74,0,11,6
746,Soy El Unico,Yahritza Y Su Esencia,1,2022,3,25,226.0,0,1264.43991,5,0,4,0,1.0,84,E,Minor,71,63,45,45,0,11,3
747,RUMBAT�,Daddy Yankee,1,2022,3,25,1264.0,0,1579.90698,20,4,52,0,1.0,95,D#,Minor,69,90,91,6,0,35,4
748,sentaDONA (Remix) s2,"Lu��sa Sonza, MC Frog, Dj Gabriel do Borel, Davi K",4,2022,3,17,870.0,0,1762.90831,32,0,49,0,0.0,135,D#,Minor,93,77,45,25,0,13,27
751,Fim de Semana no Rio,teto,1,2022,3,30,315.0,2,1391.93812,27,2,31,0,0.0,119,C#,Minor,87,28,50,12,0,10,10
752,MANIAC,Stray Kids,1,2022,3,18,651.0,0,2122.3499,6,188,20,0,0.0,120,C#,Major,58,71,80,15,0,7,41
754,IDGAF (with blackbear),"Blackbear, BoyWithUke",2,2022,3,18,625.0,0,1976.43795,10,2,13,0,1.0,98,F,Major,78,83,75,41,0,27,8
757,Ain't Shit,Doja Cat,1,2021,6,25,3436.0,0,4997.1059,32,6,46,0,1.0,124,D#,Major,86,62,49,51,0,35,21
758,"Nobody Like U - From ""Turning Red""","Jordan Fisher, Josh Levi, Finneas O'Connell, 4*TOWN (From Disney and Pixar���s Turning Red), Topher Ngo, Grayson Vill",6,2022,2,25,918.0,0,1208.47157,34,39,30,0,0.0,105,A,Minor,91,73,72,13,0,9,15
759,Still Life,BIGBANG,1,2022,4,5,181.0,0,539.09146,16,14,7,0,0.0,118,G#,Major,68,24,58,44,0,6,3
762,N95,Kendrick Lamar,1,2022,5,13,5542.0,0,3012.42089,52,16,65,0,206.0,140,D#,Minor,81,39,66,38,0,12,14
763,About Damn Time,Lizzo,1,2022,4,14,9021.0,0,7238.94473,242,49,272,21,24.0,109,A#,Minor,84,72,74,10,0,34,7
764,Die Hard,"Kendrick Lamar, Blxst, Amanda Reifer",3,2022,5,13,4627.0,0,2373.51106,38,13,32,0,0.0,101,C#,Minor,78,40,74,36,0,17,27
765,Despu��s de la P,Bad Bunny,1,2022,5,6,2229.0,0,4615.5854,27,44,24,0,5.0,78,F,Major,56,61,90,36,0,18,31
766,Un Ratito,Bad Bunny,1,2022,5,6,1112.0,6,4172.30415,7,30,13,1,1.0,93,,Minor,79,22,55,31,0,12,5
767,United In Grief,Kendrick Lamar,1,2022,5,13,2575.0,0,1568.98322,4,5,12,0,51.0,87,G#,Major,52,32,83,24,0,17,43
768,Father Time (feat. Sampha),"Kendrick Lamar, Sampha",2,2022,5,13,3107.0,0,1273.0918,4,0,22,0,0.0,153,A#,Minor,55,50,78,19,0,11,35
769,Yo No Soy Celoso,Bad Bunny,1,2022,5,6,1179.0,0,3131.13297,7,21,11,0,0.0,142,,Major,87,93,59,28,0,17,5
770,Rich Spirit,Kendrick Lamar,1,2022,5,13,3486.0,0,1737.02135,20,10,33,0,0.0,96,A#,Minor,85,41,43,39,0,12,21
771,Cooped Up (with Roddy Ricch),"Post Malone, Roddy Ricch",2,2022,5,12,2942.0,0,2716.66301,42,28,43,0,0.0,125,,Major,50,39,78,4,0,11,33
772,Me Fui de Vacaciones,Bad Bunny,1,2022,5,6,1443.0,0,3056.50299,9,11,22,1,0.0,85,A#,Major,71,43,65,23,0,9,5
773,Silent Hill,"Kendrick Lamar, Kodak Black",2,2022,5,13,3028.0,0,1232.16717,22,0,23,0,0.0,140,C#,Minor,92,78,57,46,0,14,9
774,La Corriente,"Tony Dize, Bad Bunny",2,2022,5,6,1796.0,8,4796.55659,8,25,18,1,0.0,196,B,Minor,66,58,79,23,0,22,20
775,Count Me Out,Kendrick Lamar,1,2022,5,13,2729.0,0,1261.91104,3,7,13,0,1.0,134,G,Major,78,51,43,69,0,14,9
776,Andrea,"Buscabulla, Bad Bunny",2,2022,5,6,1195.0,0,3440.55883,8,30,13,1,1.0,103,C#,Minor,80,45,62,76,0,10,38
777,Dos Mil 16,Bad Bunny,1,2022,5,6,892.0,3,3384.22004,10,24,11,0,0.0,130,C#,Major,82,50,67,12,0,13,5
778,We Cry Together,"Kendrick Lamar, Taylour Paige",2,2022,5,13,1635.0,0,688.95644,4,1,6,0,0.0,108,B,Major,65,52,69,31,0,8,36
779,Savior,"Kendrick Lamar, Sam Dew, Baby Keem",3,2022,5,13,2291.0,0,861.7689,9,0,8,0,0.0,123,G#,Major,61,66,71,53,0,32,46
780,Un Coco,Bad Bunny,1,2022,5,6,1029.0,28,4032.31558,5,28,9,0,0.0,152,B,Major,84,74,69,21,0,18,6
781,Otro Atardecer,"Bad Bunny, The Mar��",2,2022,5,6,1681.0,7,3195.46754,10,30,13,0,33.0,108,D,Major,78,55,60,59,0,7,4
782,Worldwide Steppers,Kendrick Lamar,1,2022,5,13,1480.0,0,617.39839,1,0,5,0,0.0,72,A#,Minor,56,56,47,76,0,8,36
783,Aguacero,Bad Bunny,1,2022,5,6,829.0,0,2833.59161,4,15,10,0,0.0,121,F#,Minor,86,67,65,42,0,35,7
784,Purple Hearts,"Kendrick Lamar, Ghostface Killah, Summer Walker",3,2022,5,13,2308.0,0,768.31876,7,0,7,0,0.0,138,D#,Minor,57,71,82,19,0,15,29
785,Un Verano Sin Ti,Bad Bunny,1,2022,5,6,1004.0,1,2833.32261,8,12,9,0,0.0,188,F,Minor,50,41,50,69,0,12,6
786,ULTRA SOLO,"Polima WestCoast, Pailita",2,2022,2,14,1367.0,0,3077.52576,48,4,34,1,0.0,110,C#,Major,80,26,85,23,0,11,21
787,Ens����ame ,Bad Bunny,1,2022,5,6,1112.0,3,2797.3794,7,25,12,0,0.0,105,G#,Major,81,77,79,19,0,47,8
788,El Apag�,Bad Bunny,1,2022,5,6,1209.0,0,2123.5189,9,7,14,0,1.0,118,G#,Major,63,60,70,5,0,9,31
790,Dua Lipa,Jack Harlow,1,2022,5,6,1992.0,0,1505.00965,35,0,3,0,0.0,158,B,Major,83,41,65,0,10,11,8
791,Agosto,Bad Bunny,1,2022,5,6,897.0,0,2461.27838,6,20,8,0,0.0,115,C#,Minor,85,72,58,9,0,49,12
793,Mr. Morale,"Kendrick Lamar, Tanna Leone",2,2022,5,13,1860.0,0,586.87425,1,0,3,0,0.0,174,A,Major,73,26,54,30,0,34,32
794,That That (prod. & feat. SUGA of BTS),"PSY, Suga",2,2022,4,29,802.0,0,2121.09195,16,81,23,0,0.0,130,E,Major,91,91,96,3,0,3,9
795,In The Stars,Benson Boone,1,2022,4,29,2224.0,8,3821.99619,48,40,87,1,210.0,78,A#,Major,36,30,54,34,0,14,5
796,Rich - Interlude,Kendrick Lamar,1,2022,5,13,1103.0,0,412.10087,0,0,0,0,0.0,104,G,Major,44,74,42,88,0,9,9
797,SUPERMODEL,M��ne,1,2022,5,13,2265.0,0,2316.57891,93,12,173,11,3.0,121,G,Major,64,80,88,0,0,12,6
798,Stefania (Kalush Orchestra),KALUSH,1,2022,3,10,555.0,0,537.29194,10,4,4,0,0.0,105,D,Major,83,32,82,14,0,12,4
799,Thousand Miles,The Kid Laroi,1,2022,4,22,2050.0,0,2447.41137,52,9,46,0,1.0,81,G,Major,38,20,66,9,0,9,8
800,Crown,Kendrick Lamar,1,2022,5,13,1493.0,0,424.85571,2,0,10,0,0.0,170,C#,Minor,37,14,24,80,0,11,4
801,Auntie Diaries,Kendrick Lamar,1,2022,5,13,1545.0,0,377.78188,1,0,4,0,0.0,78,G,Major,43,60,38,76,1,48,38
802,PUFFIN ON ZOOTIEZ,Future,1,2022,4,29,2350.0,0,2542.18729,28,42,23,0,0.0,125,G#,Major,88,28,66,6,0,13,31
803,Mirror,Kendrick Lamar,1,2022,5,13,1929.0,0,536.03447,2,0,4,0,0.0,92,E,Minor,66,29,65,23,0,8,7
804,Beautiful Girl,Luciano,1,2022,4,22,710.0,4,1600.35717,16,11,18,0,0.0,140,B,Minor,84,61,42,31,0,9,9
805,"Paulo Londra: Bzrp Music Sessions, Vol. 23","Bizarrap, Paulo Londra",2,2022,4,25,928.0,0,1641.63229,19,0,7,0,0.0,96,,Major,61,32,90,25,0,10,9
806,Savior - Interlude,Kendrick Lamar,1,2022,5,13,1194.0,0,370.91576,0,0,3,0,0.0,118,F,Minor,66,83,43,84,0,19,19
807,Pasoori,"Shae Gill, Ali Sethi",2,2022,2,6,349.0,6,2842.49832,10,22,3,0,0.0,92,B,Minor,71,67,60,7,0,6,4
808,Mother I Sober (feat. Beth Gibbons of Portishead),"Kendrick Lamar, Beth Gibbons",2,2022,5,13,1890.0,0,333.81454,3,0,2,0,0.0,140,G#,Minor,49,50,37,87,0,11,35
809,TUS L��GR,"Sech, Mora",2,2022,4,1,1308.0,2,1846.22518,23,16,9,0,5.0,174,C#,Major,68,45,71,18,0,11,25
810,Where Did You Go?,"MNEK, Jax Jones",2,2022,1,26,4531.0,0,3009.83101,135,74,119,1,18.0,127,A#,Major,77,53,78,19,0,29,4
811,I Tried to Tell Y'all,"Ugly Dray, Tesla Jnr",2,2022,5,6,1657.0,0,1210.77868,15,3,3,0,0.0,96,B,Major,71,37,52,62,0,11,36
812,Honest (feat. Don Toliver),"Justin Bieber, Don Toliver",2,2022,4,29,1351.0,0,1069.1968,26,1,17,0,0.0,150,G#,Minor,82,82,66,13,0,11,6
813,ZOOM,Jessi,1,2022,4,13,608.0,0,1369.96305,5,29,14,0,0.0,100,F#,Major,87,46,60,1,0,13,16
814,SloMo,Chanel,1,2021,12,24,1211.0,0,657.1993,31,0,19,0,2.0,105,C#,Minor,73,59,81,13,0,9,6
815,FEARLESS,LE SSERAFIM,1,2022,5,2,629.0,0,2294.97852,18,75,9,0,0.0,104,G,Major,86,43,62,5,0,13,14
816,10 Things I Hate About You,Leah Kate,1,2022,3,23,1301.0,0,1855.50869,23,1,15,0,0.0,154,G#,Major,54,45,79,1,0,17,5
817,SPACE MAN,Sam Ryder,1,2022,2,22,1329.0,0,546.82594,42,51,32,0,0.0,80,B,Major,47,33,83,18,0,10,5
818,With you,"HA SUNG WOON, Jimin",2,2022,4,24,343.0,2,2405.80042,4,35,11,1,1.0,150,D#,Major,53,14,43,64,0,13,3
820,The Heart Part 5,Kendrick Lamar,1,2022,5,8,2939.0,0,714.23324,29,0,30,0,0.0,98,G#,Minor,76,79,81,18,0,6,34
822,This Love (Taylor���s Ve,Taylor Swift,1,2022,5,6,1492.0,0,1321.71975,26,2,15,0,2.0,144,E,Major,47,7,50,32,0,7,4
824,Flowers,Lauren Spencer Smith,1,2021,8,9,801.0,0,1848.26429,42,9,24,1,1.0,138,D#,Major,70,31,44,84,0,9,39
825,Yet To Come,BTS,1,2022,6,10,829.0,0,3020.06641,32,110,26,0,0.0,172,C#,Major,56,68,89,4,0,33,19
826,Run BTS,BTS,1,2022,6,10,736.0,0,3308.81149,5,132,17,0,3.0,77,G#,Major,72,70,82,2,0,4,17
827,Music For a Sushi Restaurant,Harry Styles,1,2022,5,20,4449.0,1,3347.33572,80,11,66,0,1.0,107,B,Major,72,36,72,26,6,11,4
828,Matilda,Harry Styles,1,2022,5,20,3218.0,3,3662.14458,29,10,79,0,0.0,114,D,Major,51,39,29,90,0,10,4
829,For Youth,BTS,1,2022,6,10,327.0,0,1145.46317,5,40,12,0,0.0,117,D,Major,63,29,51,43,0,25,4
830,Daylight,Harry Styles,1,2022,5,20,2775.0,0,2908.33204,21,11,40,0,0.0,146,,Major,69,63,45,48,0,18,4
831,Vegas (From the Original Motion Picture Soundtrack ELVIS),Doja Cat,1,2022,5,6,4576.0,0,4485.00832,79,13,93,0,17.0,160,G#,Minor,80,74,60,8,0,14,26
832,Cash In Cash Out,"Pharrell Williams, Tyler, The Creator, 21 Savage",4,2022,6,10,2313.0,0,1366.76504,34,0,29,0,0.0,120,G,Major,88,15,56,1,0,8,6
833,Potion (with Dua Lipa & Young Thug),"Calvin Harris, Dua Lipa, Young Thug",3,2022,5,27,3983.0,0,1906.25045,73,45,119,0,0.0,100,B,Minor,82,76,70,16,0,8,5
834,Born Singer,BTS,1,2022,6,10,279.0,0,790.9527,0,18,6,0,0.0,158,G#,Minor,60,68,84,4,0,24,11
835,Little Freak,Harry Styles,1,2022,5,20,2302.0,0,2731.94684,20,3,39,0,0.0,142,D#,Major,56,40,54,72,0,10,4
836,La Llevo Al Cielo (Ft. ��engo F,"Nengo Flow, Anuel Aa, Chris Jedi, Chencho Corleone",4,2022,5,20,3559.0,3,3331.46475,36,1,31,0,1.0,170,A,Minor,80,77,85,11,0,17,14
837,True Love,"Kanye West, XXXTENTACION",2,2022,5,27,2129.0,0,1949.02696,23,1,44,1,0.0,84,F,Minor,71,39,86,2,0,51,25
838,Satellite,Harry Styles,1,2022,5,20,3291.0,5,3114.82393,43,28,79,0,208.0,139,,Major,58,30,46,14,0,9,3
840,"Villano Antillano: Bzrp Music Sessions, Vol. 51","Bizarrap, Villano Antillano",2,2022,6,8,1401.0,0,2485.11839,26,16,17,0,1.0,128,C#,Minor,82,42,75,6,0,63,6
841,Love Of My Life,Harry Styles,1,2022,5,20,1933.0,0,2336.71263,13,2,31,0,0.0,118,G,Major,56,20,54,67,0,6,5
842,Grapejuice,Harry Styles,1,2022,5,20,1986.0,0,1995.87884,7,1,15,0,0.0,183,F,Major,65,88,72,36,14,20,3
843,So Good,Halsey,1,2022,6,9,1057.0,0,917.81263,51,14,19,0,0.0,83,D#,Minor,63,29,62,4,0,18,4
844,Belly Dancer,"BYOR, Imanbek",2,2022,2,18,5115.0,13,3838.35984,109,38,301,1,33.0,122,C#,Major,85,42,80,6,0,17,14
845,Keep Driving,Harry Styles,1,2022,5,20,2094.0,1,2360.60709,8,1,18,0,0.0,165,A,Major,72,90,48,32,0,18,23
846,Cinema,Harry Styles,1,2022,5,20,2171.0,0,1892.36868,18,1,28,0,0.0,106,A,Minor,83,90,64,35,5,9,4
847,Die Young (feat. 347aidan),"Sleepy hallow, 347aidan",2,2022,5,25,896.0,0,1608.45341,19,0,15,0,0.0,77,B,Major,81,68,58,83,0,11,34
849,Hold My Hand,Lady Gaga,1,2022,5,3,2528.0,0,2383.50348,63,8,270,2,105.0,148,G,Major,51,21,63,5,0,41,3
850,Daydreaming,Harry Styles,1,2022,5,20,1900.0,1,1877.03102,15,1,23,0,0.0,114,E,Minor,71,90,81,31,2,13,3
851,Numb,"Marshmello, Khalid",2,2022,6,10,3879.0,2,2953.07001,107,76,86,1,9.0,120,,Minor,91,63,77,12,1,10,5
852,Nos Comemos (feat. Ozuna),"Ozuna, Tiago pzk",2,2022,6,2,896.0,0,1383.34433,0,0,2,0,0.0,92,F#,Major,83,56,82,10,0,9,5
854,Crazy What Love Can Do,"David Guetta, Ella Henderson, Becky Hill",3,2022,3,18,5290.0,0,2867.39476,139,73,142,0,5.0,123,E,Minor,60,46,71,3,0,16,4
856,Antes de Perderte,Duki,1,2022,6,2,584.0,8,1571.3697,12,1,8,0,1.0,110,F,Minor,81,61,93,49,0,12,11
857,Boyfriends,Harry Styles,1,2022,5,20,1517.0,0,1370.70925,26,2,30,0,0.0,118,,Major,42,32,20,94,0,11,4
858,295,Sidhu Moose Wala,1,2021,5,15,246.0,4,1832.73246,4,106,0,0,7.0,90,B,Minor,68,54,76,21,0,11,20
859,Tak Ingin Usai,Keisya Levronka,1,2022,5,13,220.0,4,1848.0763,16,5,0,0,6.0,130,,Major,49,14,40,82,0,11,3
860,En El Radio Un Cochinero,Victor Cibrian,1,2022,5,13,514.0,0,1648.56284,5,36,1,0,0.0,154,F#,Minor,70,97,62,47,0,10,4
862,BREAK MY SOUL,Beyonc�,1,2022,6,21,9724.0,0,3546.14964,222,61,259,14,2.0,115,C#,Minor,70,87,88,4,0,26,8
863,ULTRA SOLO REMIX,"De La Ghetto, Feid, Polima WestCoast, Paloma Mami, Pailita",5,2022,6,16,2341.0,0,2797.17388,37,2,38,2,0.0,110,C#,Major,91,59,82,8,0,6,8
864,Massive,Drake,1,2022,6,17,5263.0,0,1956.28667,66,89,61,0,11.0,125,E,Minor,51,5,68,12,2,15,6
865,Betty (Get Money),Yung Gravy,1,2022,6,10,2402.0,0,2217.52937,45,2,26,0,1.0,102,C#,Major,73,62,75,0,0,34,8
866,Ojos Marrones,Lasso,1,2022,2,6,795.0,11,2632.8037,26,18,15,1,4.0,120,G#,Minor,81,72,65,4,0,14,4
867,POP!,Nayeon,1,2022,6,24,571.0,0,2135.05179,19,21,14,0,2.0,97,D,Major,80,36,86,4,0,3,5
868,Layla,"Sch��rze, DJ R",2,2022,3,24,832.0,3,1304.19412,18,124,24,1,0.0,140,F,Minor,44,41,92,0,0,44,7
869,MORE,j-hope,1,2022,7,1,565.0,0,1557.95783,6,52,11,0,0.0,97,D,Major,78,31,72,1,0,11,4
871,Last Last,Burna Boy,1,2022,5,12,4526.0,12,2934.66523,156,275,150,3,128.0,88,D#,Minor,80,55,56,13,0,8,9
872,SNAP,Rosa Linn,1,2022,3,19,1818.0,0,7113.66595,3,0,63,0,353.0,170,,Major,56,52,64,11,0,45,7
873,Sticky,Drake,1,2022,6,17,2814.0,0,1914.48892,38,105,25,0,2.0,137,A#,Minor,88,8,49,9,0,9,14
874,Hot Shit (feat. Ye & Lil Durk),"Kanye West, Lil Durk, Cardi B",3,2022,7,1,1601.0,0,859.24992,11,0,2,0,0.0,157,A,Major,88,52,69,0,0,8,23
875,Ai Preto,"L7nnon, DJ Biel do Furduncinho, Bianca",3,2022,6,3,894.0,4,1761.03902,28,0,54,0,0.0,130,F#,Major,95,83,57,54,0,10,25
876,La Loto,"Anitta, Tini, Becky G",3,2022,7,6,945.0,0,1211.89256,49,3,57,0,0.0,90,C#,Major,85,80,83,10,0,8,11
877,die first,Nessa Barrett,1,2022,6,24,767.0,0,1317.46175,25,0,22,0,0.0,183,G#,Minor,44,44,67,7,0,12,13
878,Afraid To Feel,LF System,1,2022,5,2,5898.0,5,2447.90012,129,55,128,0,101.0,128,C#,Major,58,68,91,2,0,27,11
879,Baile no Morro,"Mc Vitin Da Igrejinha, MC Tairon, DJ Win",3,2022,6,10,685.0,2,1293.14708,17,0,24,0,30.0,130,D#,Minor,71,78,40,46,0,7,45
880,c��mo dormi,Rels B,1,2022,8,4,1452.0,35,3315.11413,16,15,20,0,0.0,126,C#,Major,63,56,43,24,0,12,23
881,Bad Decisions (with BTS & Snoop Dogg),"Snoop Dogg, BTS, Benny Blanco",3,2022,8,5,1456.0,0,2191.96651,53,2,33,0,0.0,120,,Major,77,94,87,2,0,23,12
882,STAYING ALIVE (feat. Drake & Lil Baby),"Drake, DJ Khaled, Lil Baby",3,2022,8,5,2107.0,0,1707.32845,51,1,50,0,0.0,130,E,Minor,72,18,46,7,0,28,8
884,Si Te La Encuentras Por Ah�,Feid,1,2022,8,5,1379.0,4,1790.6144,23,10,18,0,0.0,172,G#,Minor,74,46,58,15,0,13,8
885,GIVENCHY,Duki,1,2022,7,20,625.0,4,1852.36961,13,18,12,0,0.0,103,G#,Major,61,38,62,14,0,23,40
886,ALIEN SUPERSTAR,Beyonc�,1,2022,7,29,2688.0,0,1717.88484,39,47,36,0,0.0,122,A#,Minor,55,46,64,0,0,17,10
888,Attention,NewJeans,1,2022,8,1,799.0,12,2647.1748,14,141,9,0,1.0,105,A#,Minor,81,70,65,24,0,8,4
889,THE SHADE,Rex Orange County,1,2022,3,11,1189.0,6,2449.28911,17,10,16,0,4.0,120,F,Major,90,73,51,39,0,9,6
890,"Come Back Home - From ""Purple Hearts""",Sofia Carson,1,2022,7,12,367.0,0,976.10446,28,67,195,0,0.0,145,G,Major,56,43,53,24,0,12,4
891,El Rescate,"Grupo Marca Registrada, Junior H",2,2022,7,22,527.0,4,2872.78853,10,43,3,1,0.0,99,G,Minor,79,64,59,28,0,11,14
893,"Stay With Me (with Justin Timberlake, Halsey, & Pharrell)","Calvin Harris, Halsey, Pharrell Williams, Justin Timberlake",4,2022,7,15,3113.0,0,1234.7312,54,6,124,1,0.0,126,A,Major,81,90,73,28,0,29,4
894,Siempre Pendientes,"Peso Pluma, Luis R Conriquez",2,2022,8,15,685.0,5,2951.52154,15,79,4,2,0.0,136,,Major,77,71,75,33,1,13,4
895,JGL,"Luis R Conriquez, La Adictiva",2,2022,2,18,782.0,9,3234.55692,15,33,6,1,0.0,113,G#,Major,70,97,59,55,0,27,12
896,Don't You Worry,"David Guetta, Shakira, Black Eyed Peas",3,2022,6,16,2442.0,0,2409.18092,81,4,248,1,6.0,132,B,Major,82,49,88,20,0,21,3
897,Pipoco,"Melody, Ana Castela, Dj Chris No Beat",3,2022,5,20,1112.0,4,1918.73381,22,2,65,1,3.0,135,G#,Major,77,74,74,47,0,34,8
899,Forget Me,Lewis Capaldi,1,2022,9,9,2520.0,4,2394.11309,93,95,84,9,202.0,102,C#,Minor,67,72,74,30,0,36,4
900,After LIKE,IVE,1,2022,8,22,767.0,12,2655.48837,20,129,11,0,12.0,125,,Major,68,80,92,10,0,9,12
902,B.O.T.A. (Baddest Of Them All) - Edit,"Interplanetary Criminal, Eliza Rose",2,2022,6,15,5153.0,6,2445.85109,102,53,113,12,0.0,137,,Major,74,71,89,24,61,15,5
903,Talk that Talk,TWICE,1,2022,8,26,615.0,0,1894.76119,14,77,15,1,2.0,120,D#,Minor,77,78,91,14,0,33,12
904,BILLIE EILISH.,Armani White,1,2022,1,20,2537.0,0,2771.32266,49,1,67,11,1.0,100,C#,Major,90,75,50,11,0,9,26
905,Ferxxo 100,Feid,1,2022,6,3,1647.0,30,2789.20007,20,49,23,2,2.0,164,G#,Minor,70,58,57,25,0,15,7
906,KU LO SA - A COLORS SHOW,Oxlade,1,2022,6,10,2019.0000000000002,8,2224.10722,117,72,107,1,7.0,93,A#,Minor,65,79,66,31,0,22,7
907,Prohibidox,Feid,1,2022,9,13,1473.0,12,1853.92587,25,36,25,1,0.0,180,C#,Minor,65,52,80,5,0,6,25
908,Static,Steve Lacy,1,2022,7,15,1613.0,0,2024.5286,21,15,13,0,0.0,79,C#,Major,34,22,31,43,63,10,7
911,Talk,YEAT,1,2022,9,2,920.0,0,1484.61629,10,1,8,0,0.0,140,E,Minor,70,26,76,8,0,54,23
912,XQ Te Pones As�,"Yandel, Feid",2,2022,9,13,308.0,0,470.93942,6,1,6,0,0.0,92,A#,Major,81,48,70,13,0,15,7
914,Sin Se��,"Ovy On The Drums, Quevedo",2,2022,7,22,1097.0,2,2091.06362,18,10,13,1,1.0,118,B,Minor,82,75,85,33,1,11,4
915,Lady Mi Amor,Feid,1,2022,9,13,330.0,0,539.87404,3,0,2,0,0.0,93,D,Major,78,75,62,6,0,15,6
916,Poland,Lil Yachty,1,2022,6,23,1584.0,0,1153.31792,38,0,24,0,0.0,150,F,Minor,70,26,56,14,83,11,5
917,THE LONELIEST,M��ne,1,2022,10,7,1585.0,5,2250.93344,78,65,328,1,198.0,130,D,Major,52,24,60,0,0,8,3
918,Bye Bye,"Marshmello, Juice WRLD",2,2022,10,14,766.0,0,846.97729,16,0,9,0,0.0,83,D#,Minor,65,24,53,6,0,51,4
919,BABY OTAKU,"Fran C, Polima WestCoast, Nickoog Clk, Pablito Pesadilla",4,2022,8,18,836.0,0,1592.40673,14,1,13,0,0.0,102,A,Major,84,43,75,5,0,6,8
920,Nxde,(G)I-DLE,1,2022,10,17,430.0,6,1707.09584,14,116,9,0,11.0,136,E,Minor,73,65,91,4,0,48,18
923,2 Be Loved (Am I Ready),Lizzo,1,2022,7,14,3682.0,6,2476.89123,41,0,158,2,68.0,156,G,Major,72,92,77,9,0,8,11
924,Celestial,Ed Sheeran,1,2022,9,29,1639.0,0,1764.74912,86,14,80,0,37.0,123,D,Major,57,50,85,5,0,16,4
925,Typa Girl,BLACKPINK,1,2022,9,16,452.0,10,2355.49288,2,129,13,0,1.0,132,G,Major,92,53,62,7,0,63,10
927,California Breeze,Lil Baby,1,2022,10,14,991.0,0,855.59365,36,38,13,0,3.0,162,F,Minor,74,22,67,0,0,11,46
928,Bamba (feat. Aitch & BIA),"Luciano, Aitch, B�",3,2022,9,22,869.0,7,1462.23492,14,12,12,2,28.0,138,A#,Major,80,82,81,14,0,13,36
929,Casei Com a Putaria,"MC Ryan SP, Love Funk, Mc Paiva ZS",3,2022,7,1,648.0,4,1877.01588,0,0,30,0,0.0,161,A#,Minor,59,62,60,12,0,5,44
930,Major Distribution,"Drake, 21 Savage",2,2022,11,4,1545.0,0,1548.63153,22,7,15,0,0.0,131,G#,Minor,91,23,55,1,0,7,32
931,Pussy & Millions (feat. Travis Scott),"Drake, Travis Scott, 21 Savage",3,2022,11,4,1930.0,0,1913.33656,24,8,17,0,1.0,122,E,Minor,75,45,63,6,0,35,12
932,Vigilante Shit,Taylor Swift,1,2022,10,21,1948.0,0,2536.5085,12,9,16,0,0.0,80,E,Minor,80,16,28,17,0,12,39
933,Question...?,Taylor Swift,1,2022,10,21,1608.0,0,2230.64273,10,3,12,0,0.0,109,G,Major,75,11,50,20,0,30,17
934,On BS,"Drake, 21 Savage",2,2022,11,4,1338.0,0,1704.13877,9,20,7,0,0.0,158,A,Major,84,33,36,2,0,39,59
935,Mastermind,Taylor Swift,1,2022,10,21,1936.0,0,2183.20587,7,5,13,0,0.0,126,E,Major,66,12,35,55,0,9,14
936,Circo Loco,"Drake, 21 Savage",2,2022,11,4,1794.0,0,1417.20999,26,9,17,0,3.0,104,C#,Major,73,25,61,1,0,32,7
937,Labyrinth,Taylor Swift,1,2022,10,21,1597.0,0,1873.39835,6,3,15,0,0.0,110,,Major,48,15,31,80,22,12,4
938,Spin Bout U,"Drake, 21 Savage",2,2022,11,4,1652.0,2,1983.65537,26,52,10,0,95.0,130,G,Major,77,20,70,1,0,16,5
939,Sweet Nothing,Taylor Swift,1,2022,10,21,1747.0,0,1861.0431,9,6,13,0,2.0,177,,Major,34,39,16,97,0,12,5
940,"Would've, Could've, Should've",Taylor Swift,1,2022,10,21,1715.0,0,1775.03916,4,5,8,0,0.0,158,G,Major,48,55,84,43,0,15,12
941,Con La Brisa,"Ludwig Goransson, Foudeqush",2,2022,11,4,486.0,0,710.95708,8,1,7,0,0.0,114,D,Minor,62,25,44,51,33,14,3
942,Privileged Rappers,"Drake, 21 Savage",2,2022,11,4,1006.9999999999999,0,1124.36403,6,5,3,0,0.0,144,F,Major,93,62,61,0,0,12,20
943,The Astronaut,Jin,1,2022,10,28,481.0,9,2034.36468,10,100,15,1,27.0,125,F,Major,54,22,76,0,0,14,3
944,BackOutsideBoyz,Drake,1,2022,11,4,1045.0,0,933.67537,8,5,2,0,0.0,142,F,Minor,85,40,43,4,0,39,32
945,Broke Boys,"Drake, 21 Savage",2,2022,11,4,1060.0,0,1062.49219,3,8,5,0,0.0,120,D,Major,64,11,53,1,0,25,27
946,The Great War,Taylor Swift,1,2022,10,21,1274.0,0,1813.8259,1,6,11,0,0.0,96,F,Major,57,55,74,22,0,8,4
947,My Mind & Me,Selena Gomez,1,2022,11,3,953.0,0,914.73363,61,13,37,1,0.0,144,A,Major,60,24,39,57,0,8,3
948,Bigger Than The Whole Sky,Taylor Swift,1,2022,10,21,1180.0,0,1218.7187,4,0,8,0,0.0,166,F#,Major,42,7,24,83,1,12,6
949,A Veces (feat. Feid),"Feid, Paulo Londra",2,2022,11,3,573.0,0,735.13683,2,0,7,0,0.0,92,C#,Major,80,81,67,4,0,8,6
950,En La De Ella,"Feid, Sech, Jhayco",3,2022,10,20,1320.0,0,1338.95612,29,26,17,0,0.0,97,C#,Major,82,67,77,8,0,12,5
951,Alone,Burna Boy,1,2022,11,4,782.0,2,960.07391,27,18,32,1,0.0,90,E,Minor,61,32,67,15,0,11,5
